id,user,month,income,expenses,savings
1,1,2024-01-01,20709,18452,2257
2,1,2024-02-01,16154,18055,-1901
3,1,2024-03-01,19632,9664,9968
4,1,2024-04-01,18867,16135,2732
5,1,2024-05-01,16613,11153,5460
6,1,2024-06-01,24901,13652,11249
7,1,2024-07-01,17775,16051,1724
8,1,2024-08-01,17941,9170,8771
9,1,2024-09-01,33254,5768,27486
10,1,2024-10-01,27934,6135,21799
11,1,2024-11-01,29767,12456,17311
12,1,2024-12-01,33079,19982,13097
13,2,2024-01-01,20237,19166,1071
14,2,2024-02-01,28895,7022,21873
15,2,2024-03-01,19047,13775,5272
16,2,2024-04-01,16141,6388,9753
17,2,2024-05-01,25112,15508,9604
18,2,2024-06-01,34631,8627,26004
19,2,2024-07-01,30034,12137,17897
20,2,2024-08-01,34937,17932,17005
21,2,2024-09-01,20329,12594,7735
22,2,2024-10-01,34579,5728,28851
23,2,2024-11-01,26358,5713,20645
24,2,2024-12-01,21309,7697,13612
25,3,2024-01-01,32666,7030,25636
26,3,2024-02-01,28371,15070,13301
27,3,2024-03-01,29787,16007,13780
28,3,2024-04-01,31106,16852,14254
29,3,2024-05-01,34001,16089,17912
30,3,2024-06-01,22619,19716,2903
31,3,2024-07-01,25006,9981,15025
32,3,2024-08-01,18202,14324,3878
33,3,2024-09-01,32744,18872,13872
34,3,2024-10-01,29944,19493,10451
35,3,2024-11-01,31808,13984,17824
36,3,2024-12-01,28027,8632,19395
37,4,2024-01-01,29862,12743,17119
38,4,2024-02-01,19101,10301,8800
39,4,2024-03-01,33870,6681,27189
40,4,2024-04-01,23063,5607,17456
41,4,2024-05-01,24212,17068,7144
42,4,2024-06-01,32435,5591,26844
43,4,2024-07-01,33589,15448,18141
44,4,2024-08-01,32716,11982,20734
45,4,2024-09-01,34569,13145,21424
46,4,2024-10-01,29978,13843,16135
47,4,2024-11-01,33846,9787,24059
48,4,2024-12-01,16662,11863,4799
49,5,2024-01-01,15639,6813,8826
50,5,2024-02-01,17960,10079,7881
51,5,2024-03-01,18961,6720,12241
52,5,2024-04-01,34315,18398,15917
53,5,2024-05-01,26628,18072,8556
54,5,2024-06-01,17790,8663,9127
55,5,2024-07-01,17799,8240,9559
56,5,2024-08-01,28462,17913,10549
57,5,2024-09-01,23852,12627,11225
58,5,2024-10-01,31010,7580,23430
59,5,2024-11-01,32208,16703,15505
60,5,2024-12-01,20316,16921,3395
61,6,2024-01-01,34509,14026,20483
62,6,2024-02-01,25367,17458,7909
63,6,2024-03-01,28610,6415,22195
64,6,2024-04-01,22834,6902,15932
65,6,2024-05-01,28060,15977,12083
66,6,2024-06-01,29352,8076,21276
67,6,2024-07-01,25060,5004,20056
68,6,2024-08-01,25249,17681,7568
69,6,2024-09-01,31696,18485,13211
70,6,2024-10-01,26375,6107,20268
71,6,2024-11-01,23437,14761,8676
72,6,2024-12-01,34774,11957,22817
73,7,2024-01-01,15099,6601,8498
74,7,2024-02-01,26104,18628,7476
75,7,2024-03-01,34009,11966,22043
76,7,2024-04-01,24842,5275,19567
77,7,2024-05-01,30910,17061,13849
78,7,2024-06-01,28237,5866,22371
79,7,2024-07-01,28098,6884,21214
80,7,2024-08-01,30550,7936,22614
81,7,2024-09-01,28521,19332,9189
82,7,2024-10-01,34012,13514,20498
83,7,2024-11-01,30019,13342,16677
84,7,2024-12-01,17074,19695,-2621
85,8,2024-01-01,33173,9892,23281
86,8,2024-02-01,29344,19680,9664
87,8,2024-03-01,33362,7061,26301
88,8,2024-04-01,30146,10064,20082
89,8,2024-05-01,30869,19998,10871
90,8,2024-06-01,28083,13235,14848
91,8,2024-07-01,25952,5608,20344
92,8,2024-08-01,25606,8514,17092
93,8,2024-09-01,30784,17190,13594
94,8,2024-10-01,27279,19368,7911
95,8,2024-11-01,29544,10138,19406
96,8,2024-12-01,29680,11834,17846
97,9,2024-01-01,15644,7609,8035
98,9,2024-02-01,25073,19186,5887
99,9,2024-03-01,16844,17011,-167
100,9,2024-04-01,15700,8480,7220
101,9,2024-05-01,33930,15055,18875
102,9,2024-06-01,15164,9028,6136
103,9,2024-07-01,19256,7241,12015
104,9,2024-08-01,32449,6931,25518
105,9,2024-09-01,27465,11961,15504
106,9,2024-10-01,31897,6649,25248
107,9,2024-11-01,15497,11021,4476
108,9,2024-12-01,30811,6117,24694
109,10,2024-01-01,17997,8670,9327
110,10,2024-02-01,29675,16846,12829
111,10,2024-03-01,24139,19198,4941
112,10,2024-04-01,24118,5695,18423
113,10,2024-05-01,34141,13368,20773
114,10,2024-06-01,24191,11089,13102
115,10,2024-07-01,23753,13436,10317
116,10,2024-08-01,31150,13023,18127
117,10,2024-09-01,27835,14160,13675
118,10,2024-10-01,25913,13163,12750
119,10,2024-11-01,26504,6820,19684
120,10,2024-12-01,23741,13826,9915
121,11,2024-01-01,31571,12917,18654
122,11,2024-02-01,31808,5723,26085
123,11,2024-03-01,24344,17199,7145
124,11,2024-04-01,16081,11206,4875
125,11,2024-05-01,16837,9417,7420
126,11,2024-06-01,16654,9945,6709
127,11,2024-07-01,18531,16811,1720
128,11,2024-08-01,34665,19526,15139
129,11,2024-09-01,23996,12302,11694
130,11,2024-10-01,24890,19428,5462
131,11,2024-11-01,32382,5047,27335
132,11,2024-12-01,20766,14963,5803
133,12,2024-01-01,34967,5702,29265
134,12,2024-02-01,20477,14823,5654
135,12,2024-03-01,31431,8784,22647
136,12,2024-04-01,24529,10977,13552
137,12,2024-05-01,26909,5610,21299
138,12,2024-06-01,16507,9352,7155
139,12,2024-07-01,15672,12180,3492
140,12,2024-08-01,16795,5954,10841
141,12,2024-09-01,17610,9080,8530
142,12,2024-10-01,30597,16486,14111
143,12,2024-11-01,28776,8110,20666
144,12,2024-12-01,23465,14904,8561
145,13,2024-01-01,26942,9903,17039
146,13,2024-02-01,17498,11766,5732
147,13,2024-03-01,21727,9371,12356
148,13,2024-04-01,17912,8034,9878
149,13,2024-05-01,33559,9089,24470
150,13,2024-06-01,18358,11698,6660
151,13,2024-07-01,17753,9456,8297
152,13,2024-08-01,21041,12514,8527
153,13,2024-09-01,15196,17984,-2788
154,13,2024-10-01,26609,13657,12952
155,13,2024-11-01,29889,18295,11594
156,13,2024-12-01,16293,14944,1349
157,14,2024-01-01,16905,18110,-1205
158,14,2024-02-01,20861,9115,11746
159,14,2024-03-01,34746,6998,27748
160,14,2024-04-01,24529,7400,17129
161,14,2024-05-01,27115,11294,15821
162,14,2024-06-01,24982,12007,12975
163,14,2024-07-01,20104,14152,5952
164,14,2024-08-01,30386,15715,14671
165,14,2024-09-01,23034,10477,12557
166,14,2024-10-01,25754,10332,15422
167,14,2024-11-01,34034,13113,20921
168,14,2024-12-01,23872,12103,11769
169,15,2024-01-01,32740,8835,23905
170,15,2024-02-01,20913,6369,14544
171,15,2024-03-01,28760,9477,19283
172,15,2024-04-01,21456,16938,4518
173,15,2024-05-01,21094,13966,7128
174,15,2024-06-01,29610,5292,24318
175,15,2024-07-01,19816,7434,12382
176,15,2024-08-01,19480,19092,388
177,15,2024-09-01,30329,19698,10631
178,15,2024-10-01,28307,13811,14496
179,15,2024-11-01,15324,6273,9051
180,15,2024-12-01,19503,18711,792
181,16,2024-01-01,29358,13375,15983
182,16,2024-02-01,22390,13359,9031
183,16,2024-03-01,30949,17381,13568
184,16,2024-04-01,30000,15831,14169
185,16,2024-05-01,15932,10392,5540
186,16,2024-06-01,16726,15040,1686
187,16,2024-07-01,32881,17508,15373
188,16,2024-08-01,21794,12924,8870
189,16,2024-09-01,27382,5447,21935
190,16,2024-10-01,22588,10001,12587
191,16,2024-11-01,16402,6505,9897
192,16,2024-12-01,25629,17816,7813
193,17,2024-01-01,18129,13079,5050
194,17,2024-02-01,19699,10601,9098
195,17,2024-03-01,31201,16285,14916
196,17,2024-04-01,21042,11084,9958
197,17,2024-05-01,32252,18170,14082
198,17,2024-06-01,19686,11647,8039
199,17,2024-07-01,30363,9544,20819
200,17,2024-08-01,25371,11500,13871
201,17,2024-09-01,15295,11883,3412
202,17,2024-10-01,22338,12682,9656
203,17,2024-11-01,20873,17053,3820
204,17,2024-12-01,25288,16070,9218
205,18,2024-01-01,33489,9096,24393
206,18,2024-02-01,15123,11515,3608
207,18,2024-03-01,29813,13724,16089
208,18,2024-04-01,20571,7540,13031
209,18,2024-05-01,25438,16856,8582
210,18,2024-06-01,34221,10859,23362
211,18,2024-07-01,22361,12830,9531
212,18,2024-08-01,23168,6170,16998
213,18,2024-09-01,31905,8972,22933
214,18,2024-10-01,23750,10717,13033
215,18,2024-11-01,27237,10875,16362
216,18,2024-12-01,30872,19001,11871
217,19,2024-01-01,28643,8897,19746
218,19,2024-02-01,31542,16793,14749
219,19,2024-03-01,26498,15188,11310
220,19,2024-04-01,16382,7848,8534
221,19,2024-05-01,15138,6496,8642
222,19,2024-06-01,33285,11608,21677
223,19,2024-07-01,19706,6469,13237
224,19,2024-08-01,34700,10489,24211
225,19,2024-09-01,33893,7080,26813
226,19,2024-10-01,34623,13242,21381
227,19,2024-11-01,20021,11833,8188
228,19,2024-12-01,22140,5882,16258
229,20,2024-01-01,22413,16528,5885
230,20,2024-02-01,28683,5466,23217
231,20,2024-03-01,15764,13684,2080
232,20,2024-04-01,26765,13610,13155
233,20,2024-05-01,34736,13600,21136
234,20,2024-06-01,29404,8815,20589
235,20,2024-07-01,31631,9176,22455
236,20,2024-08-01,28696,14723,13973
237,20,2024-09-01,32154,18723,13431
238,20,2024-10-01,24265,15657,8608
239,20,2024-11-01,19968,13120,6848
240,20,2024-12-01,17165,15810,1355
241,21,2024-01-01,18733,12729,6004
242,21,2024-02-01,34986,18871,16115
243,21,2024-03-01,15022,15892,-870
244,21,2024-04-01,32756,9660,23096
245,21,2024-05-01,30246,7661,22585
246,21,2024-06-01,16267,5345,10922
247,21,2024-07-01,33817,18301,15516
248,21,2024-08-01,22191,12335,9856
249,21,2024-09-01,24415,18806,5609
250,21,2024-10-01,15023,10011,5012
251,21,2024-11-01,32144,6026,26118
252,21,2024-12-01,20074,12599,7475
253,22,2024-01-01,24404,10681,13723
254,22,2024-02-01,22276,18666,3610
255,22,2024-03-01,15291,9684,5607
256,22,2024-04-01,32320,13115,19205
257,22,2024-05-01,26440,6317,20123
258,22,2024-06-01,17713,6122,11591
259,22,2024-07-01,28119,17755,10364
260,22,2024-08-01,21594,19165,2429
261,22,2024-09-01,29100,5168,23932
262,22,2024-10-01,25190,10662,14528
263,22,2024-11-01,27298,18581,8717
264,22,2024-12-01,23523,15285,8238
265,23,2024-01-01,23548,17336,6212
266,23,2024-02-01,24580,11765,12815
267,23,2024-03-01,15739,13436,2303
268,23,2024-04-01,26010,8090,17920
269,23,2024-05-01,23696,17908,5788
270,23,2024-06-01,29346,8884,20462
271,23,2024-07-01,29967,11783,18184
272,23,2024-08-01,27454,10033,17421
273,23,2024-09-01,26654,13110,13544
274,23,2024-10-01,21832,19255,2577
275,23,2024-11-01,16644,13368,3276
276,23,2024-12-01,25087,10261,14826
277,24,2024-01-01,22869,19606,3263
278,24,2024-02-01,15603,19448,-3845
279,24,2024-03-01,28742,17131,11611
280,24,2024-04-01,31420,18643,12777
281,24,2024-05-01,20850,11821,9029
282,24,2024-06-01,18613,19225,-612
283,24,2024-07-01,24876,19460,5416
284,24,2024-08-01,24906,17896,7010
285,24,2024-09-01,29556,19883,9673
286,24,2024-10-01,22101,11703,10398
287,24,2024-11-01,25707,7264,18443
288,24,2024-12-01,15217,7179,8038
289,25,2024-01-01,32209,5864,26345
290,25,2024-02-01,23540,8191,15349
291,25,2024-03-01,31552,10158,21394
292,25,2024-04-01,32948,16758,16190
293,25,2024-05-01,28694,11035,17659
294,25,2024-06-01,23216,18494,4722
295,25,2024-07-01,18423,11464,6959
296,25,2024-08-01,27926,13323,14603
297,25,2024-09-01,23022,6791,16231
298,25,2024-10-01,21705,15306,6399
299,25,2024-11-01,21380,5978,15402
300,25,2024-12-01,21201,14335,6866
