date,description,amount,type,category
2025-08-17,miscellaneous expense,1649.83,1,others
2025-07-08,amusement park,0.0,1,entertainment
2025-08-18,pharmacy purchase,2134.13,0,health
2025-09-06,myntra shopping,2464.09,0,shopping
2025-07-26,spotify premium,2363.98,0,entertainment
2025-09-23,amusement park,3151.28,1,entertainment
2025-07-09,water bill,1862.21,0,bills
2025-08-19,dth recharge,9538.23,1,bills
2025-08-10,fuel refill,623.71,0,travel
2025-07-24,donation,2997.47,1,others
2025-10-23,health checkup,5277.55,1,health
2025-07-21,netflix subscription,4218.28,1,entertainment
2025-07-13,concert pass,8296.33,0,entertainment
2025-08-22,bus fare,6851.03,1,travel
2025-08-10,dominos pizza,5241.11,0,food
2025-07-29,flipkart order,8181.46,0,shopping
2025-07-17,internet recharge,1554.61,1,bills
2025-09-22,grocery store,5754.23,1,shopping
2025-09-11,doctor visit,9976.35,0,health
2025-09-16,stationery,51.85,1,others
2025-10-16,flipkart order,2043.61,0,shopping
2025-06-05,health checkup,3024.18,0,health
2025-10-14,mcdonalds lunch,1919.83,1,food
2025-08-27,netflix subscription,2276.13,1,entertainment
2025-10-05,movie ticket,608.67,0,entertainment
2025-07-19,spotify premium,3479.53,1,entertainment
2025-10-26,zomato delivery,2315.51,0,food
2025-07-04,gym membership,1192.8,0,health
2025-06-20,train ticket,7964.4,0,travel
2025-06-16,electronics purchase,6935.72,1,shopping
2025-06-04,internet recharge,5914.47,0,bills
2025-10-24,flight booking,3358.87,0,travel
2025-07-02,uber ride,1391.19,1,travel
2025-08-31,grocery store,7044.05,1,shopping
2025-10-24,grocery store,1770.07,0,shopping
2025-09-17,grocery store,1437.69,0,shopping
2025-10-06,myntra shopping,7392.25,0,shopping
2025-08-18,amusement park,4168.86,0,entertainment
2025-10-11,amazon purchase,8021.41,1,shopping
2025-08-09,doctor visit,9799.04,0,health
2025-09-07,bus fare,5945.21,0,travel
2025-07-16,concert pass,6546.15,0,entertainment
2025-08-29,grocery store,1217.55,0,shopping
2025-09-05,electricity bill,5851.81,0,bills
2025-06-10,mcdonalds lunch,4320.74,0,food
2025-06-26,cafe coffee,5260.54,0,food
2025-07-06,amusement park,1809.78,1,entertainment
2025-10-13,amazon purchase,1545.8,0,shopping
2025-09-21,internet recharge,4875.53,1,bills
2025-09-14,miscellaneous expense,8463.97,0,others
2025-06-04,fuel refill,5394.53,0,travel
2025-07-27,health checkup,5190.39,0,health
2025-08-27,pharmacy purchase,9971.0,0,health
2025-06-10,dth recharge,3691.04,0,bills
2025-09-09,spotify premium,1103.91,1,entertainment
2025-08-09,electronics purchase,6936.51,1,shopping
2025-10-18,water bill,7554.08,0,bills
2025-09-17,doctor visit,2770.03,1,health
2025-08-21,fuel refill,9999.15,1,travel
2025-10-12,dth recharge,8517.82,0,bills
2025-10-02,myntra shopping,7091.68,1,shopping
2025-08-05,zomato delivery,3832.28,1,food
2025-09-14,water bill,1645.09,1,bills
2025-07-06,donation,5994.21,0,others
2025-06-17,doctor visit,2943.66,0,health
2025-06-26,zomato delivery,4476.84,1,food
2025-08-16,swiggy order,4253.86,1,food
2025-10-11,miscellaneous expense,627.86,1,others
2025-08-25,spotify premium,7171.1,0,entertainment
2025-07-25,gift purchase,5436.07,1,others
2025-07-10,miscellaneous expense,3316.75,0,others
2025-08-26,protein supplements,1013.34,0,health
2025-07-26,concert pass,162.29,0,entertainment
2025-10-10,dth recharge,4270.37,1,bills
2025-06-08,bus fare,5254.01,0,travel
2025-08-25,mcdonalds lunch,3623.43,0,food
2025-08-20,health checkup,9399.41,0,health
2025-10-14,health checkup,3358.17,0,health
2025-09-11,donation,3391.39,1,others
2025-08-06,stationery,8425.7,0,others
2025-09-23,myntra shopping,454.4,1,shopping
2025-06-04,dth recharge,9466.98,1,bills
2025-10-05,ola cab,8442.52,0,travel
2025-10-14,flipkart order,5043.29,1,shopping
2025-07-12,health checkup,3020.61,1,health
2025-08-14,amazon purchase,5432.88,1,shopping
2025-08-29,donation,6225.09,1,others
2025-06-27,pharmacy purchase,4636.49,0,health
2025-06-26,flight booking,6479.48,0,travel
2025-06-24,miscellaneous expense,5497.99,1,others
2025-06-18,movie ticket,279.71,1,entertainment
2025-07-19,flipkart order,1060.8,0,shopping
2025-07-01,protein supplements,1375.56,0,health
2025-09-04,netflix subscription,8111.24,1,entertainment
2025-10-12,ola cab,9952.25,0,travel
2025-08-23,protein supplements,2758.23,1,health
2025-07-06,gym membership,4842.93,1,health
2025-06-30,mcdonalds lunch,9072.15,0,food
2025-06-17,gift purchase,3094.61,1,others
2025-08-03,flipkart order,5651.7,1,shopping
2025-07-29,grocery store,7773.34,1,shopping
2025-10-01,miscellaneous expense,3867.27,0,others
2025-08-13,train ticket,4464.07,0,travel
2025-07-31,gift purchase,6001.53,1,others
2025-10-05,amazon purchase,5637.8,1,shopping
2025-06-26,doctor visit,1409.93,1,health
2025-08-18,dominos pizza,2797.33,1,food
2025-10-10,gift purchase,4775.1,0,others
2025-08-02,zomato delivery,8218.38,1,food
2025-09-01,movie ticket,9780.69,1,entertainment
2025-06-24,flipkart order,4814.4,1,shopping
2025-09-24,grocery store,1757.22,0,shopping
2025-08-29,netflix subscription,800.2,0,entertainment
2025-08-02,miscellaneous expense,6586.84,0,others
2025-07-04,uber ride,8732.72,0,travel
2025-07-17,movie ticket,6172.47,1,entertainment
2025-06-11,flight booking,6303.78,0,travel
2025-06-27,gym membership,4298.01,0,health
2025-07-14,stationery,4685.4,0,others
2025-08-19,amusement park,675.05,0,entertainment
2025-10-04,fuel refill,1789.11,1,travel
2025-09-27,electricity bill,5101.6,0,bills
2025-10-15,flight booking,4260.27,1,travel
2025-08-20,bus fare,2390.98,0,travel
2025-10-28,concert pass,8323.94,0,entertainment
2025-06-05,fuel refill,3472.51,1,travel
2025-09-04,stationery,7864.33,1,others
2025-07-21,electricity bill,3963.57,0,bills
2025-07-30,uber ride,8385.44,0,travel
2025-09-19,doctor visit,9577.41,1,health
2025-07-15,miscellaneous expense,8663.26,0,others
2025-06-25,fuel refill,723.96,1,travel
2025-08-08,restaurant dinner,5645.0,0,food
2025-08-26,water bill,7401.63,1,bills
2025-10-22,amazon purchase,3725.0,0,shopping
2025-09-05,donation,4419.32,0,others
2025-07-29,uber ride,722.0,0,travel
2025-09-16,doctor visit,9914.39,1,health
2025-09-09,health checkup,951.34,1,health
2025-10-23,water bill,1628.77,1,bills
2025-09-01,bus fare,8183.37,0,travel
2025-07-19,electricity bill,3430.64,0,bills
2025-08-18,spotify premium,4692.0,0,entertainment
2025-06-29,health checkup,6027.93,0,health
2025-08-30,flight booking,7211.83,0,travel
2025-06-20,donation,1172.55,0,others
2025-06-19,netflix subscription,4876.81,1,entertainment
2025-08-22,ola cab,561.9,1,travel
2025-08-02,spotify premium,167.81,1,entertainment
2025-09-19,grocery store,1390.73,0,shopping
2025-06-06,restaurant dinner,7051.12,0,food
2025-10-15,zomato delivery,1034.66,0,food
2025-09-26,mobile bill,9279.75,0,bills
2025-06-19,health checkup,1421.78,1,health
2025-07-20,bus fare,5755.99,1,travel
2025-09-09,netflix subscription,7037.79,0,entertainment
2025-08-30,cafe coffee,5535.16,1,food
2025-06-10,bus fare,8643.02,1,travel
2025-07-10,amazon purchase,118.96,1,shopping
2025-06-01,mcdonalds lunch,3798.12,0,food
2025-09-20,health checkup,797.2,0,health
2025-09-21,grocery store,1428.54,0,shopping
2025-10-01,doctor visit,5171.54,0,health
2025-10-25,uber ride,8831.67,1,travel
2025-09-27,mobile bill,9243.52,0,bills
2025-10-03,mcdonalds lunch,6696.46,0,food
2025-07-25,dth recharge,2177.89,0,bills
2025-07-07,internet recharge,9042.14,1,bills
2025-08-02,protein supplements,1656.05,1,health
2025-07-25,gym membership,5577.03,1,health
2025-10-18,concert pass,1137.12,1,entertainment
2025-08-24,protein supplements,3324.14,0,health
2025-07-05,netflix subscription,4614.03,0,entertainment
2025-09-11,pharmacy purchase,3549.13,1,health
2025-07-18,myntra shopping,5757.12,1,shopping
2025-06-01,doctor visit,3401.63,1,health
2025-09-14,netflix subscription,4930.09,0,entertainment
2025-06-02,myntra shopping,792.0,0,shopping
2025-06-01,internet recharge,8274.28,1,bills
2025-07-07,protein supplements,6559.71,1,health
2025-10-19,bus fare,8816.2,0,travel
2025-10-22,miscellaneous expense,7750.64,1,others
2025-07-23,uber ride,1592.44,0,travel
2025-06-25,cafe coffee,4076.35,0,food
2025-10-02,spotify premium,4815.9,1,entertainment
2025-08-12,gift purchase,4066.14,0,others
2025-09-05,flipkart order,8434.24,1,shopping
2025-06-23,mcdonalds lunch,4156.89,0,food
2025-10-14,electricity bill,2220.35,0,bills
2025-07-01,gift purchase,821.02,0,others
2025-08-03,dominos pizza,4237.16,0,food
2025-10-19,concert pass,3606.83,1,entertainment
2025-07-22,pharmacy purchase,3214.94,0,health
2025-10-20,dth recharge,6521.34,0,bills
2025-10-15,restaurant dinner,3412.19,0,food
2025-10-23,bus fare,9606.31,1,travel
2025-08-12,swiggy order,130.91,0,food
2025-10-28,donation,5262.94,1,others
2025-10-19,flipkart order,7211.95,0,shopping
2025-06-11,fuel refill,7608.29,0,travel
2025-08-31,internet recharge,9157.53,0,bills
2025-07-02,water bill,2866.92,0,bills
2025-06-19,concert pass,7063.33,1,entertainment
2025-06-13,stationery,1743.39,1,others
2025-10-02,stationery,94.13,0,others
2025-09-11,dth recharge,6403.61,0,bills
2025-07-13,stationery,4245.93,0,others
2025-08-11,gift purchase,8238.15,1,others
2025-08-21,movie ticket,5709.58,0,entertainment
2025-10-20,amazon purchase,9679.42,1,shopping
2025-07-25,gift purchase,1425.73,0,others
2025-09-21,train ticket,9456.55,1,travel
2025-10-17,mcdonalds lunch,4279.42,0,food
2025-10-12,health checkup,2075.66,1,health
2025-08-22,stationery,2427.63,0,others
2025-09-13,mcdonalds lunch,4983.17,0,food
2025-09-04,netflix subscription,9830.68,1,entertainment
2025-09-21,cafe coffee,7501.42,0,food
2025-09-27,electricity bill,718.31,0,bills
2025-09-02,health checkup,4164.43,0,health
2025-09-29,train ticket,8433.14,1,travel
2025-07-10,miscellaneous expense,2063.02,1,others
2025-10-13,cafe coffee,3229.29,1,food
2025-06-10,movie ticket,7231.45,1,entertainment
2025-06-23,miscellaneous expense,8211.05,1,others
2025-10-08,netflix subscription,6694.42,0,entertainment
2025-08-17,cafe coffee,131.19,1,food
2025-06-04,electronics purchase,5559.85,1,shopping
2025-07-28,zomato delivery,3946.62,0,food
2025-08-15,swiggy order,573.72,0,food
2025-10-15,train ticket,7607.91,1,travel
2025-06-20,netflix subscription,382.41,0,entertainment
2025-10-18,grocery store,6826.59,1,shopping
2025-08-21,miscellaneous expense,5638.55,1,others
2025-09-16,movie ticket,8281.37,0,entertainment
2025-09-22,spotify premium,945.54,1,entertainment
2025-07-04,zomato delivery,8900.81,0,food
2025-09-22,zomato delivery,5834.11,1,food
2025-07-05,health checkup,3283.69,1,health
2025-07-31,grocery store,9791.13,0,shopping
2025-07-08,doctor visit,6440.45,1,health
2025-08-10,amusement park,4631.06,1,entertainment
2025-09-08,myntra shopping,6215.39,0,shopping
2025-09-13,zomato delivery,8557.25,1,food
2025-06-06,train ticket,2966.02,0,travel
2025-07-22,flipkart order,2550.56,1,shopping
2025-06-11,uber ride,2604.31,1,travel
2025-06-01,gift purchase,9567.81,0,others
2025-06-01,ola cab,6188.86,0,travel
2025-06-30,doctor visit,9907.08,0,health
2025-08-20,mcdonalds lunch,7327.71,1,food
2025-06-20,gift purchase,4957.5,1,others
2025-10-13,miscellaneous expense,7173.96,0,others
2025-09-09,amazon purchase,9502.5,0,shopping
2025-10-08,gift purchase,8082.16,1,others
2025-10-17,restaurant dinner,9134.35,0,food
2025-06-22,internet recharge,1344.87,0,bills
2025-09-15,flight booking,9483.17,1,travel
2025-09-23,gym membership,7197.23,0,health
2025-07-07,water bill,8715.64,0,bills
2025-06-28,gift purchase,9511.46,1,others
2025-06-12,movie ticket,8159.27,1,entertainment
2025-08-12,protein supplements,6318.56,0,health
2025-06-11,doctor visit,3778.4,1,health
2025-07-29,mobile bill,4078.1,0,bills
2025-09-14,miscellaneous expense,8579.94,1,others
2025-08-23,dth recharge,8387.64,0,bills
2025-09-03,cafe coffee,688.57,1,food
2025-08-06,stationery,9177.31,0,others
2025-06-28,fuel refill,4896.65,1,travel
2025-06-12,ola cab,7499.02,1,travel
2025-08-05,gift purchase,6074.83,0,others
2025-06-26,flipkart order,1112.78,1,shopping
2025-07-10,dominos pizza,8995.84,0,food
2025-08-27,cafe coffee,1152.52,0,food
2025-08-25,bus fare,1047.42,0,travel
2025-07-21,restaurant dinner,1073.24,1,food
2025-06-19,concert pass,4488.42,0,entertainment
2025-07-11,dth recharge,6209.49,1,bills
2025-10-11,health checkup,3135.52,0,health
2025-09-07,fuel refill,2918.37,1,travel
2025-08-24,amazon purchase,4150.11,0,shopping
2025-10-25,mcdonalds lunch,3712.71,1,food
2025-10-13,train ticket,4428.48,1,travel
2025-09-20,donation,1910.71,0,others
2025-07-26,dth recharge,3654.77,1,bills
2025-06-28,train ticket,9109.53,0,travel
2025-08-27,electronics purchase,7799.24,0,shopping
2025-08-16,doctor visit,5295.98,1,health
2025-09-03,concert pass,6487.47,1,entertainment
2025-07-21,myntra shopping,4733.66,0,shopping
2025-06-13,ola cab,5055.29,0,travel
2025-07-03,miscellaneous expense,8139.21,1,others
2025-07-24,amazon purchase,7596.88,1,shopping
2025-09-22,flipkart order,3273.3,0,shopping
2025-06-17,electronics purchase,5088.9,0,shopping
2025-09-01,train ticket,1537.31,1,travel
2025-09-23,donation,5514.56,0,others
2025-10-18,train ticket,2163.36,1,travel
2025-07-02,amazon purchase,4736.14,0,shopping
2025-08-16,restaurant dinner,1449.31,0,food
2025-09-02,flight booking,8234.71,0,travel
2025-08-12,gift purchase,2312.63,0,others
2025-10-08,dominos pizza,7596.19,0,food
2025-06-29,stationery,4759.79,1,others
2025-07-30,cafe coffee,446.31,0,food
2025-10-01,pharmacy purchase,9716.54,1,health
2025-09-16,zomato delivery,6451.23,0,food
2025-10-25,fuel refill,5610.34,1,travel
2025-10-03,swiggy order,2191.83,1,food
2025-10-04,concert pass,5297.07,0,entertainment
2025-07-27,myntra shopping,3294.14,0,shopping
2025-08-21,gym membership,2096.5,0,health
2025-10-04,dth recharge,2282.43,0,bills
2025-06-08,doctor visit,5095.87,1,health
2025-08-26,mcdonalds lunch,141.15,1,food
2025-10-13,concert pass,1362.4,0,entertainment
2025-07-22,electronics purchase,1033.94,1,shopping
2025-07-19,spotify premium,9430.06,0,entertainment
2025-10-27,grocery store,1774.09,0,shopping
2025-10-19,mcdonalds lunch,752.76,1,food
2025-09-21,doctor visit,1612.9,1,health
2025-09-22,mobile bill,1844.71,1,bills
2025-06-13,electricity bill,1901.79,1,bills
2025-08-19,swiggy order,8691.95,0,food
2025-06-11,swiggy order,9755.44,0,food
2025-08-05,protein supplements,3933.85,0,health
2025-10-21,mcdonalds lunch,1017.95,1,food
2025-06-05,electricity bill,9390.61,1,bills
2025-06-05,amusement park,875.82,1,entertainment
2025-06-23,mobile bill,295.65,1,bills
2025-08-25,netflix subscription,9340.88,1,entertainment
2025-06-26,netflix subscription,7225.26,0,entertainment
2025-06-30,flipkart order,5860.42,0,shopping
2025-09-05,internet recharge,7684.78,0,bills
2025-09-17,health checkup,4237.49,0,health
2025-10-01,stationery,8335.31,0,others
2025-10-27,grocery store,3372.05,0,shopping
2025-06-24,netflix subscription,8100.07,1,entertainment
2025-10-21,dth recharge,362.98,0,bills
2025-09-23,train ticket,9975.0,1,travel
2025-10-25,mcdonalds lunch,6468.48,0,food
2025-06-15,movie ticket,4269.39,1,entertainment
2025-10-05,mobile bill,1591.54,1,bills
2025-06-25,protein supplements,3976.04,1,health
2025-10-25,spotify premium,1496.44,1,entertainment
2025-06-29,electronics purchase,7735.04,1,shopping
2025-08-06,train ticket,6438.8,1,travel
2025-07-27,spotify premium,1286.02,1,entertainment
2025-06-30,dth recharge,2840.17,1,bills
2025-10-28,gift purchase,6838.93,1,others
2025-07-07,swiggy order,7670.73,1,food
2025-06-20,zomato delivery,5576.6,1,food
2025-08-05,gym membership,301.19,1,health
2025-07-12,grocery store,4846.82,1,shopping
2025-10-08,amazon purchase,3156.6,0,shopping
2025-07-14,myntra shopping,2747.28,1,shopping
2025-08-25,train ticket,9435.66,1,travel
2025-10-06,amusement park,2175.12,0,entertainment
2025-07-15,water bill,8998.6,1,bills
2025-09-02,stationery,4300.84,0,others
2025-08-30,miscellaneous expense,3089.6,1,others
2025-07-02,concert pass,53.35,1,entertainment
2025-08-25,train ticket,1944.62,1,travel
2025-10-14,grocery store,8829.43,0,shopping
2025-08-01,concert pass,5517.4,1,entertainment
2025-10-15,health checkup,9654.02,1,health
2025-09-28,donation,526.45,0,others
2025-06-26,water bill,1017.3,1,bills
2025-06-15,doctor visit,2343.18,1,health
2025-09-18,flipkart order,4098.35,0,shopping
2025-10-07,myntra shopping,2434.66,1,shopping
2025-07-21,zomato delivery,8136.57,1,food
2025-09-18,zomato delivery,627.27,1,food
2025-06-23,myntra shopping,420.63,1,shopping
2025-10-15,amazon purchase,1023.44,0,shopping
2025-06-29,health checkup,7561.13,0,health
2025-07-28,fuel refill,8789.95,0,travel
2025-07-29,cafe coffee,1097.36,0,food
2025-08-31,water bill,6251.86,1,bills
2025-07-29,water bill,336.67,0,bills
2025-06-21,doctor visit,5507.43,0,health
2025-06-16,donation,5355.94,0,others
2025-07-04,doctor visit,371.25,0,health
2025-07-24,ola cab,4798.77,0,travel
2025-10-05,protein supplements,4438.06,1,health
2025-08-11,fuel refill,7575.78,1,travel
2025-09-20,gift purchase,3609.62,0,others
2025-09-14,electricity bill,6119.13,0,bills
2025-09-23,internet recharge,3767.22,0,bills
2025-06-15,flight booking,2453.36,1,travel
2025-09-05,donation,4431.74,0,others
2025-09-20,myntra shopping,7387.48,1,shopping
2025-09-26,stationery,3374.03,0,others
2025-06-30,cafe coffee,5769.52,1,food
2025-09-26,dominos pizza,8051.57,0,food
2025-08-27,internet recharge,6751.56,1,bills
2025-10-07,miscellaneous expense,9836.49,1,others
2025-08-25,dominos pizza,876.22,1,food
2025-07-04,dominos pizza,1441.44,1,food
2025-10-24,concert pass,2493.95,1,entertainment
2025-08-27,myntra shopping,7085.65,0,shopping
2025-10-04,dth recharge,3549.89,0,bills
2025-07-02,dominos pizza,7630.59,1,food
2025-09-29,concert pass,3378.92,1,entertainment
2025-06-14,amazon purchase,1092.52,1,shopping
2025-07-31,swiggy order,8656.29,0,food
2025-07-24,netflix subscription,6605.22,0,entertainment
2025-07-26,dth recharge,5019.81,0,bills
2025-07-20,restaurant dinner,7937.63,1,food
2025-07-22,gift purchase,6259.4,1,others
2025-10-04,uber ride,6427.28,0,travel
2025-06-18,donation,2711.12,0,others
2025-07-01,myntra shopping,8317.97,1,shopping
2025-07-19,ola cab,1822.2,0,travel
2025-08-11,electronics purchase,2468.04,0,shopping
2025-08-01,mcdonalds lunch,372.09,1,food
2025-07-15,train ticket,5268.43,1,travel
2025-08-08,pharmacy purchase,5861.02,0,health
2025-09-03,dominos pizza,8014.78,0,food
2025-08-27,cafe coffee,9911.89,1,food
2025-06-04,netflix subscription,8186.58,1,entertainment
2025-09-06,pharmacy purchase,4589.01,0,health
2025-08-28,health checkup,4836.83,0,health
2025-09-29,grocery store,1667.52,1,shopping
2025-10-24,fuel refill,491.44,1,travel
2025-06-23,stationery,2495.76,1,others
2025-08-26,electronics purchase,4056.31,0,shopping
2025-09-09,protein supplements,7652.81,0,health
2025-08-14,bus fare,302.52,0,travel
2025-10-21,movie ticket,9141.16,1,entertainment
2025-07-22,grocery store,6018.26,1,shopping
2025-10-22,cafe coffee,8371.25,1,food
2025-09-04,netflix subscription,589.87,0,entertainment
2025-09-10,flight booking,6575.0,1,travel
2025-08-27,gym membership,2685.48,1,health
2025-09-13,electronics purchase,1464.08,1,shopping
2025-10-27,mobile bill,2445.56,0,bills
2025-07-18,gym membership,6098.26,0,health
2025-08-16,spotify premium,1381.73,0,entertainment
2025-09-30,water bill,736.97,0,bills
2025-09-28,netflix subscription,5454.99,1,entertainment
2025-06-25,flight booking,1805.83,0,travel
2025-09-27,mobile bill,4855.66,1,bills
2025-09-06,movie ticket,3293.07,1,entertainment
2025-08-28,amusement park,8988.44,0,entertainment
2025-10-12,cafe coffee,6218.77,1,food
2025-08-15,dth recharge,7073.47,1,bills
2025-10-06,electronics purchase,1303.79,0,shopping
2025-09-04,protein supplements,1554.35,1,health
2025-10-19,mcdonalds lunch,6626.55,1,food
2025-08-09,spotify premium,7877.33,1,entertainment
2025-08-04,stationery,8024.95,1,others
2025-07-08,zomato delivery,3599.44,0,food
2025-06-22,pharmacy purchase,2261.17,1,health
2025-08-06,internet recharge,3630.47,1,bills
2025-09-10,internet recharge,7965.84,0,bills
2025-09-02,mcdonalds lunch,213.97,1,food
2025-06-25,gym membership,3594.19,0,health
2025-09-11,swiggy order,3486.4,1,food
2025-10-27,netflix subscription,4813.41,0,entertainment
2025-08-17,health checkup,8166.95,1,health
2025-07-02,electronics purchase,5922.14,1,shopping
2025-08-15,doctor visit,4945.34,0,health
2025-07-12,internet recharge,6734.7,1,bills
2025-09-28,water bill,7130.13,0,bills
2025-07-09,gift purchase,7904.77,1,others
2025-06-10,spotify premium,1861.52,0,entertainment
2025-06-26,zomato delivery,9491.08,1,food
2025-06-02,ola cab,7479.9,1,travel
2025-07-26,gift purchase,4675.09,0,others
2025-10-19,dth recharge,6406.69,1,bills
2025-07-11,dth recharge,2501.88,1,bills
2025-07-10,stationery,1033.42,1,others
2025-08-24,ola cab,7745.39,1,travel
2025-06-14,uber ride,1148.22,0,travel
2025-09-23,doctor visit,4997.44,1,health
2025-10-11,myntra shopping,6470.71,1,shopping
2025-10-13,fuel refill,3511.66,0,travel
2025-09-27,swiggy order,3401.84,0,food
2025-10-18,gym membership,4488.45,1,health
2025-07-28,health checkup,8603.65,1,health
2025-07-26,dth recharge,409.62,0,bills
2025-09-21,concert pass,1196.01,1,entertainment
2025-10-15,dominos pizza,1820.82,1,food
2025-09-08,zomato delivery,772.58,0,food
2025-10-20,stationery,2075.35,1,others
2025-09-08,uber ride,7487.63,0,travel
2025-07-06,amusement park,4494.0,1,entertainment
2025-06-07,gym membership,6438.09,0,health
2025-10-21,health checkup,6368.74,0,health
2025-09-21,gym membership,117.6,1,health
2025-08-13,stationery,9040.51,1,others
2025-07-02,bus fare,6944.59,1,travel
2025-08-12,amazon purchase,4657.53,0,shopping
2025-10-04,bus fare,1367.75,1,travel
2025-06-14,concert pass,2239.89,0,entertainment
2025-06-09,gym membership,6759.83,0,health
2025-07-22,mobile bill,5541.93,0,bills
2025-06-14,bus fare,2109.12,1,travel
2025-08-09,zomato delivery,9594.56,0,food
2025-08-28,uber ride,5118.89,1,travel
2025-10-13,amusement park,3644.06,1,entertainment
2025-10-18,amazon purchase,4698.75,0,shopping
2025-07-26,amusement park,1307.22,0,entertainment
2025-09-28,doctor visit,5546.85,1,health
2025-07-31,internet recharge,8100.48,0,bills
2025-07-18,train ticket,6619.95,0,travel
2025-08-21,gym membership,624.26,1,health
2025-10-18,ola cab,8825.98,0,travel
2025-07-24,protein supplements,5685.79,0,health
2025-08-21,electricity bill,5294.18,0,bills
2025-06-05,grocery store,9181.87,0,shopping
2025-09-19,train ticket,520.79,1,travel
2025-09-18,stationery,3177.49,1,others
2025-06-11,train ticket,395.6,0,travel
2025-08-02,mobile bill,680.08,0,bills
2025-08-06,amazon purchase,3257.08,0,shopping
2025-06-07,myntra shopping,473.51,1,shopping
2025-08-02,fuel refill,9374.75,1,travel
2025-06-05,pharmacy purchase,8130.93,0,health
2025-06-20,dominos pizza,6482.37,1,food
2025-10-15,grocery store,1648.16,0,shopping
2025-06-08,water bill,5456.97,0,bills
2025-06-20,amazon purchase,737.63,0,shopping
2025-10-14,uber ride,881.66,0,travel
2025-07-24,zomato delivery,9558.93,1,food
2025-08-28,fuel refill,8859.85,0,travel
2025-10-03,gift purchase,1271.29,1,others
2025-09-19,water bill,3310.56,0,bills
2025-06-17,netflix subscription,1041.71,1,entertainment
2025-07-03,concert pass,2942.73,0,entertainment
2025-06-25,mobile bill,6783.21,0,bills
2025-06-05,fuel refill,2516.63,0,travel
2025-10-27,mobile bill,3357.39,0,bills
2025-08-29,flipkart order,6154.34,1,shopping
2025-06-13,concert pass,9438.92,1,entertainment
2025-06-03,doctor visit,4867.94,0,health
2025-06-29,flight booking,4047.66,1,travel
2025-06-05,cafe coffee,4232.63,0,food
2025-10-17,bus fare,5887.98,1,travel
2025-06-01,concert pass,3176.57,1,entertainment
2025-07-07,ola cab,5207.35,0,travel
2025-08-15,grocery store,453.63,1,shopping
2025-10-28,train ticket,5453.11,1,travel
2025-10-22,ola cab,9289.02,1,travel
2025-07-19,grocery store,9840.92,0,shopping
2025-07-12,restaurant dinner,7709.24,1,food
2025-07-14,pharmacy purchase,199.8,1,health
2025-09-14,grocery store,2953.97,0,shopping
2025-06-26,pharmacy purchase,4249.89,0,health
2025-08-31,miscellaneous expense,3436.55,0,others
2025-06-24,amusement park,9548.2,0,entertainment
2025-08-27,train ticket,557.0,1,travel
2025-10-03,swiggy order,5806.06,0,food
2025-08-20,movie ticket,6083.69,0,entertainment
2025-10-04,myntra shopping,833.28,1,shopping
2025-06-13,doctor visit,2382.85,1,health
2025-10-17,protein supplements,4594.07,1,health
2025-07-07,amazon purchase,7877.55,1,shopping
2025-06-25,amusement park,8581.03,0,entertainment
2025-08-02,flight booking,611.35,1,travel
2025-07-06,electricity bill,6638.59,0,bills
2025-10-09,gym membership,4252.1,0,health
2025-06-27,flipkart order,4238.6,1,shopping
2025-08-18,zomato delivery,266.97,1,food
2025-06-07,electronics purchase,6650.59,0,shopping
2025-06-20,stationery,6865.11,0,others
2025-10-02,spotify premium,2823.57,1,entertainment
2025-07-12,pharmacy purchase,3593.9,1,health
2025-06-14,pharmacy purchase,5487.12,0,health
2025-09-22,donation,1136.88,1,others
2025-10-08,ola cab,7835.55,0,travel
2025-10-28,internet recharge,320.33,0,bills
2025-08-07,pharmacy purchase,5422.82,1,health
2025-10-22,mobile bill,5329.49,1,bills
2025-07-30,mobile bill,4665.33,0,bills
2025-06-08,restaurant dinner,7008.87,0,food
2025-09-27,netflix subscription,4280.23,1,entertainment
2025-09-04,stationery,9925.13,1,others
2025-10-21,gym membership,4408.84,1,health
2025-08-13,health checkup,9471.4,0,health
2025-08-08,movie ticket,9658.39,0,entertainment
2025-06-14,doctor visit,4673.0,1,health
2025-07-09,flipkart order,4946.06,0,shopping
2025-09-19,gym membership,3070.06,1,health
2025-06-06,spotify premium,1270.08,1,entertainment
2025-06-21,internet recharge,9586.98,1,bills
2025-06-26,stationery,9590.7,1,others
2025-06-23,doctor visit,9480.56,1,health
2025-09-04,electronics purchase,4312.02,0,shopping
2025-10-25,amazon purchase,4956.78,0,shopping
2025-07-29,swiggy order,3709.85,0,food
2025-06-02,zomato delivery,4111.41,0,food
2025-06-19,donation,9604.16,0,others
2025-10-21,gym membership,2955.11,0,health
2025-07-10,doctor visit,7712.85,1,health
2025-08-08,gift purchase,2448.18,1,others
2025-06-03,flight booking,8919.69,1,travel
2025-08-25,dominos pizza,692.21,0,food
2025-10-07,train ticket,2330.55,1,travel
2025-08-07,myntra shopping,2878.37,1,shopping
2025-09-10,bus fare,478.67,0,travel
2025-08-14,gift purchase,7992.31,0,others
2025-06-05,water bill,5374.03,1,bills
2025-10-06,pharmacy purchase,1329.94,0,health
2025-06-02,amazon purchase,4638.55,1,shopping
2025-07-29,flipkart order,1124.29,1,shopping
2025-07-28,fuel refill,8379.28,0,travel
2025-06-09,gym membership,1201.97,0,health
2025-09-07,concert pass,2997.51,1,entertainment
2025-07-31,mcdonalds lunch,7460.3,1,food
2025-10-15,internet recharge,3780.84,0,bills
2025-08-14,dth recharge,7628.35,0,bills
2025-08-11,gym membership,9164.35,1,health
2025-10-19,flipkart order,446.33,0,shopping
2025-07-03,mobile bill,3714.47,1,bills
2025-10-24,gym membership,6522.26,0,health
2025-09-04,dth recharge,7725.13,1,bills
2025-07-19,stationery,4859.25,1,others
2025-10-15,donation,157.32,0,others
2025-08-15,dth recharge,4100.16,1,bills
2025-09-13,bus fare,182.56,1,travel
2025-06-17,cafe coffee,5542.33,0,food
2025-06-04,zomato delivery,1157.5,0,food
2025-10-27,amazon purchase,7925.92,1,shopping
2025-06-11,gym membership,5921.89,0,health
2025-07-13,fuel refill,7765.98,1,travel
2025-10-12,stationery,5841.6,0,others
2025-09-04,concert pass,7580.45,0,entertainment
2025-06-24,flight booking,7805.05,1,travel
2025-10-10,water bill,4988.28,1,bills
2025-09-04,pharmacy purchase,230.04,1,health
2025-06-27,amazon purchase,2511.34,0,shopping
2025-07-10,internet recharge,5073.7,1,bills
2025-07-08,train ticket,6497.19,0,travel
2025-08-31,pharmacy purchase,2475.1,0,health
2025-09-26,flipkart order,3496.34,0,shopping
2025-08-31,movie ticket,2713.7,1,entertainment
2025-07-21,dominos pizza,3151.3,1,food
2025-08-09,movie ticket,5285.59,0,entertainment
2025-07-10,amusement park,3301.77,1,entertainment
2025-08-19,uber ride,2523.57,1,travel
2025-10-22,netflix subscription,9144.76,1,entertainment
2025-10-28,dth recharge,1948.67,1,bills
2025-07-09,doctor visit,6048.87,1,health
2025-07-12,flipkart order,1682.34,1,shopping
2025-07-17,health checkup,6234.64,0,health
2025-06-07,swiggy order,2745.37,0,food
2025-06-08,fuel refill,3901.07,0,travel
2025-07-08,train ticket,398.21,1,travel
2025-10-21,amusement park,7998.79,0,entertainment
2025-06-11,uber ride,9632.84,1,travel
2025-07-11,restaurant dinner,3993.65,1,food
2025-07-03,electronics purchase,9473.26,1,shopping
2025-07-21,amazon purchase,2426.25,1,shopping
2025-08-28,mobile bill,5113.77,0,bills
2025-08-29,miscellaneous expense,4777.43,1,others
2025-06-28,gym membership,4502.02,0,health
2025-06-13,stationery,885.47,0,others
2025-07-08,spotify premium,1812.02,1,entertainment
2025-06-10,mobile bill,6588.91,1,bills
2025-07-05,stationery,2842.96,1,others
2025-09-05,miscellaneous expense,8449.14,1,others
2025-08-21,netflix subscription,5868.69,1,entertainment
2025-09-10,stationery,4703.6,0,others
2025-10-08,pharmacy purchase,9339.95,1,health
2025-06-28,electricity bill,5061.81,0,bills
2025-09-08,miscellaneous expense,7358.75,1,others
2025-07-14,protein supplements,6891.01,1,health
2025-06-22,concert pass,9616.01,1,entertainment
2025-06-30,concert pass,9718.01,0,entertainment
2025-07-14,electronics purchase,3390.25,0,shopping
2025-09-27,flight booking,9573.16,0,travel
2025-10-03,ola cab,5696.35,1,travel
2025-08-11,water bill,5709.19,0,bills
2025-06-30,doctor visit,2202.08,0,health
2025-10-28,flipkart order,1971.74,1,shopping
2025-08-23,pharmacy purchase,4269.52,1,health
2025-10-17,water bill,605.38,1,bills
2025-08-26,electricity bill,298.92,0,bills
2025-07-09,movie ticket,4785.67,1,entertainment
2025-08-03,miscellaneous expense,9382.98,0,others
2025-09-02,flight booking,1182.16,1,travel
2025-06-10,zomato delivery,1425.53,0,food
2025-08-13,movie ticket,2661.53,1,entertainment
2025-08-25,dth recharge,9649.11,0,bills
2025-09-08,ola cab,3675.95,1,travel
2025-07-04,gift purchase,8183.41,1,others
2025-10-25,stationery,7837.22,0,others
2025-10-27,gym membership,7500.21,1,health
2025-08-26,pharmacy purchase,5664.58,1,health
2025-10-26,stationery,6864.98,1,others
2025-07-10,amusement park,694.25,1,entertainment
2025-06-15,fuel refill,1872.56,1,travel
2025-08-24,mcdonalds lunch,6879.6,0,food
2025-08-27,electronics purchase,3889.72,0,shopping
2025-08-15,health checkup,3062.41,0,health
2025-06-11,spotify premium,361.1,1,entertainment
2025-10-07,flight booking,4838.49,0,travel
2025-09-08,train ticket,1237.28,0,travel
2025-10-23,doctor visit,8524.48,1,health
2025-06-21,zomato delivery,9694.63,1,food
2025-10-14,miscellaneous expense,6834.14,0,others
2025-06-19,concert pass,3090.39,0,entertainment
2025-09-05,myntra shopping,7356.01,1,shopping
2025-08-04,donation,9942.75,1,others
2025-08-23,movie ticket,9773.02,0,entertainment
2025-09-05,uber ride,4285.58,0,travel
2025-10-28,water bill,7690.16,0,bills
2025-07-24,gym membership,3044.72,1,health
2025-08-01,gift purchase,9935.36,1,others
2025-06-15,amazon purchase,7211.71,0,shopping
2025-08-17,electronics purchase,6796.02,1,shopping
2025-08-25,mobile bill,2664.26,1,bills
2025-06-18,doctor visit,7994.77,1,health
2025-10-19,gym membership,6531.75,0,health
2025-07-11,flight booking,8430.1,0,travel
2025-10-03,ola cab,2995.0,0,travel
2025-07-06,cafe coffee,2776.31,1,food
2025-09-12,internet recharge,6403.16,1,bills
2025-06-02,myntra shopping,3400.94,1,shopping
2025-10-26,cafe coffee,6935.6,0,food
2025-09-27,mobile bill,9071.84,1,bills
2025-07-13,mcdonalds lunch,6088.51,1,food
2025-07-03,electricity bill,5941.98,1,bills
2025-07-14,zomato delivery,5568.77,0,food
2025-09-19,bus fare,4769.77,1,travel
2025-09-04,flipkart order,1688.25,0,shopping
2025-10-27,protein supplements,5462.58,1,health
2025-07-15,mobile bill,8571.47,0,bills
2025-06-03,mobile bill,9404.45,1,bills
2025-09-06,dth recharge,9303.46,1,bills
2025-06-21,movie ticket,435.9,0,entertainment
2025-09-17,concert pass,7979.28,1,entertainment
2025-09-11,dominos pizza,237.48,1,food
2025-09-27,flight booking,2954.5,1,travel
2025-07-17,train ticket,9330.25,1,travel
2025-08-15,health checkup,6285.62,0,health
2025-08-16,restaurant dinner,4407.42,1,food
2025-10-04,doctor visit,648.24,0,health
2025-07-20,fuel refill,9075.8,1,travel
2025-08-17,stationery,3904.91,0,others
2025-07-28,internet recharge,4199.6,1,bills
2025-10-16,internet recharge,9844.81,0,bills
2025-10-10,amusement park,3145.06,1,entertainment
2025-07-21,electricity bill,5676.86,0,bills
2025-06-18,electricity bill,5346.24,1,bills
2025-08-26,pharmacy purchase,715.71,1,health
2025-06-07,amazon purchase,1167.71,0,shopping
2025-06-16,gift purchase,9984.87,0,others
2025-07-24,train ticket,4779.06,1,travel
2025-07-17,protein supplements,1575.8,1,health
2025-06-03,mcdonalds lunch,1240.68,0,food
2025-09-26,movie ticket,9006.58,0,entertainment
2025-06-05,flipkart order,7261.52,1,shopping
2025-10-05,donation,2243.99,0,others
2025-10-27,grocery store,9794.66,0,shopping
2025-06-08,swiggy order,1960.81,0,food
2025-07-06,fuel refill,8676.17,0,travel
2025-08-26,amazon purchase,913.11,1,shopping
2025-09-04,zomato delivery,6269.86,0,food
2025-08-30,miscellaneous expense,8762.57,1,others
2025-10-22,spotify premium,5516.31,1,entertainment
2025-09-22,swiggy order,172.18,1,food
2025-06-23,swiggy order,1329.2,0,food
2025-10-08,movie ticket,5441.63,0,entertainment
2025-09-13,spotify premium,7044.61,1,entertainment
2025-10-27,movie ticket,659.58,1,entertainment
2025-06-01,protein supplements,274.46,1,health
2025-09-25,pharmacy purchase,8934.54,0,health
2025-06-16,amusement park,3469.94,0,entertainment
2025-08-30,stationery,7391.81,1,others
2025-08-20,electricity bill,4030.31,1,bills
2025-06-16,flipkart order,1962.26,0,shopping
2025-08-20,donation,5172.43,1,others
2025-08-20,gym membership,4929.78,1,health
2025-07-21,miscellaneous expense,3790.19,1,others
2025-08-23,electricity bill,7365.46,0,bills
2025-06-06,internet recharge,4351.82,1,bills
2025-07-16,amazon purchase,1634.22,1,shopping
2025-09-29,donation,4879.08,0,others
2025-07-30,bus fare,5993.53,0,travel
2025-06-05,dominos pizza,8074.02,0,food
2025-08-28,movie ticket,1982.69,0,entertainment
2025-10-01,ola cab,4277.52,1,travel
2025-09-25,cafe coffee,5435.49,1,food
2025-09-12,stationery,965.86,1,others
2025-07-12,zomato delivery,1099.85,1,food
2025-09-10,doctor visit,1546.25,0,health
2025-07-21,donation,5740.81,0,others
2025-10-21,dth recharge,7867.32,1,bills
2025-06-15,restaurant dinner,7808.19,0,food
2025-08-12,bus fare,130.1,1,travel
2025-06-21,swiggy order,2235.78,1,food
2025-09-13,fuel refill,5227.82,1,travel
2025-09-12,concert pass,8824.77,1,entertainment
2025-09-03,mcdonalds lunch,5259.38,0,food
2025-09-05,ola cab,3985.59,1,travel
2025-10-15,donation,4837.89,0,others
2025-06-08,water bill,3343.26,1,bills
2025-07-15,swiggy order,4711.39,1,food
2025-10-04,water bill,6040.88,1,bills
2025-07-20,donation,5136.34,1,others
2025-06-22,mcdonalds lunch,3955.26,1,food
2025-07-02,netflix subscription,8934.22,1,entertainment
2025-08-09,mobile bill,9045.64,0,bills
2025-08-20,mobile bill,5389.44,0,bills
2025-09-15,ola cab,3856.1,1,travel
2025-10-01,concert pass,2160.41,0,entertainment
2025-07-19,fuel refill,8095.26,1,travel
2025-09-28,stationery,6735.36,0,others
2025-09-24,amusement park,430.06,0,entertainment
2025-10-06,train ticket,3291.52,1,travel
2025-06-20,uber ride,7378.79,0,travel
2025-06-22,train ticket,1530.44,1,travel
2025-09-20,zomato delivery,942.66,0,food
2025-09-27,uber ride,1844.61,0,travel
2025-09-19,donation,1042.56,0,others
2025-10-26,restaurant dinner,9531.42,0,food
2025-10-27,amazon purchase,6194.9,0,shopping
2025-09-02,bus fare,7131.01,0,travel
2025-10-24,myntra shopping,583.67,1,shopping
2025-08-28,internet recharge,3612.64,0,bills
2025-06-22,movie ticket,2852.81,0,entertainment
2025-08-07,train ticket,915.66,0,travel
2025-09-14,fuel refill,8987.9,0,travel
2025-07-22,amusement park,4519.2,1,entertainment
2025-09-11,ola cab,5472.9,0,travel
2025-07-28,donation,9084.83,1,others
2025-08-31,restaurant dinner,9349.14,0,food
2025-06-23,gym membership,9544.03,0,health
2025-08-08,spotify premium,8319.03,1,entertainment
2025-07-03,health checkup,404.61,1,health
2025-07-28,train ticket,2711.76,1,travel
2025-09-19,dth recharge,4355.0,0,bills
2025-07-31,electronics purchase,6789.91,0,shopping
2025-09-13,mcdonalds lunch,883.33,0,food
2025-09-16,cafe coffee,4126.15,1,food
2025-07-21,train ticket,6545.53,0,travel
2025-10-09,electronics purchase,6267.47,0,shopping
2025-09-14,grocery store,312.22,0,shopping
2025-06-21,mobile bill,4504.05,1,bills
2025-06-15,stationery,3851.35,0,others
2025-10-09,electricity bill,8349.3,0,bills
2025-08-01,ola cab,2798.25,1,travel
2025-09-25,water bill,1535.6,1,bills
2025-09-12,electricity bill,4849.27,0,bills
2025-07-07,mobile bill,1563.87,0,bills
2025-08-12,uber ride,9802.16,1,travel
2025-09-26,doctor visit,4715.7,0,health
2025-06-26,water bill,5742.65,0,bills
2025-08-17,dth recharge,3751.85,0,bills
2025-10-24,flight booking,6986.43,1,travel
2025-06-19,health checkup,4910.03,1,health
2025-08-01,water bill,8453.48,1,bills
2025-06-20,uber ride,6408.16,1,travel
2025-08-18,amazon purchase,1339.69,1,shopping
2025-07-03,cafe coffee,4836.53,0,food
2025-10-16,internet recharge,202.47,0,bills
2025-07-31,gym membership,3885.12,1,health
2025-06-27,flipkart order,112.28,0,shopping
2025-07-03,dth recharge,9552.88,0,bills
2025-06-26,pharmacy purchase,1355.14,0,health
2025-08-20,dominos pizza,3193.92,0,food
2025-07-11,concert pass,7512.17,0,entertainment
2025-09-04,grocery store,7277.0,1,shopping
2025-06-17,restaurant dinner,240.38,0,food
2025-07-23,flight booking,9729.55,1,travel
2025-09-18,bus fare,9161.81,0,travel
2025-07-26,doctor visit,2965.11,0,health
2025-09-01,netflix subscription,2993.19,0,entertainment
2025-06-15,gift purchase,4313.74,0,others
2025-09-20,bus fare,4849.47,1,travel
2025-06-05,electricity bill,2959.58,0,bills
2025-07-18,pharmacy purchase,5124.24,0,health
2025-06-28,donation,4381.88,0,others
2025-06-13,dominos pizza,5379.81,0,food
2025-07-10,mcdonalds lunch,5935.69,1,food
2025-08-30,spotify premium,7315.64,1,entertainment
2025-08-03,cafe coffee,8200.26,1,food
2025-10-22,myntra shopping,9937.05,1,shopping
2025-06-18,grocery store,2583.11,1,shopping
2025-09-17,doctor visit,3463.23,1,health
2025-06-02,mobile bill,9285.63,0,bills
2025-07-06,amusement park,4706.49,0,entertainment
2025-08-06,amusement park,3488.42,0,entertainment
2025-09-19,swiggy order,9416.47,0,food
2025-08-02,internet recharge,6734.87,0,bills
2025-06-29,stationery,1360.32,0,others
2025-09-18,movie ticket,8779.59,0,entertainment
2025-07-11,electricity bill,2285.24,0,bills
2025-10-27,train ticket,1042.67,1,travel
2025-06-07,movie ticket,6576.0,0,entertainment
2025-06-05,mcdonalds lunch,114.27,1,food
2025-06-14,electronics purchase,6972.86,0,shopping
2025-08-14,doctor visit,6371.49,1,health
2025-07-27,myntra shopping,9786.52,1,shopping
2025-06-15,electronics purchase,4111.36,1,shopping
2025-07-30,bus fare,7772.01,0,travel
2025-07-18,dth recharge,1339.57,0,bills
2025-06-24,gym membership,4377.42,0,health
2025-09-03,amusement park,3745.92,0,entertainment
2025-10-06,health checkup,3919.62,1,health
2025-09-21,concert pass,3535.72,0,entertainment
2025-07-01,gift purchase,8191.68,0,others
2025-06-23,dth recharge,4205.05,1,bills
2025-06-12,water bill,3618.13,1,bills
2025-06-07,zomato delivery,3127.52,0,food
2025-09-05,grocery store,6992.8,1,shopping
2025-10-21,myntra shopping,8178.77,0,shopping
2025-08-08,electronics purchase,5646.47,1,shopping
2025-06-13,dth recharge,949.44,0,bills
2025-08-27,electricity bill,2531.65,0,bills
2025-07-24,bus fare,4154.54,0,travel
2025-10-04,water bill,5232.53,0,bills
2025-10-20,restaurant dinner,6597.16,0,food
2025-10-08,fuel refill,4268.63,0,travel
2025-08-24,amazon purchase,8706.98,1,shopping
2025-10-02,zomato delivery,1171.32,1,food
2025-07-17,gym membership,5081.55,1,health
2025-10-26,uber ride,7740.0,0,travel
2025-09-06,zomato delivery,826.51,0,food
2025-06-01,gym membership,8880.19,1,health
2025-09-17,doctor visit,9926.56,0,health
2025-06-08,pharmacy purchase,5523.93,1,health
2025-08-29,doctor visit,3136.06,0,health
2025-07-20,cafe coffee,4940.22,0,food
2025-09-07,miscellaneous expense,510.2,0,others
2025-09-04,amusement park,7153.59,0,entertainment
2025-08-14,doctor visit,261.13,1,health
2025-09-29,concert pass,6443.08,1,entertainment
2025-06-06,pharmacy purchase,8579.01,0,health
2025-07-04,internet recharge,6985.99,0,bills
2025-09-17,concert pass,3316.26,0,entertainment
2025-09-15,ola cab,2265.94,1,travel
2025-07-11,amazon purchase,1665.62,0,shopping
2025-07-14,spotify premium,755.53,1,entertainment
2025-06-30,train ticket,6451.05,1,travel
2025-06-07,swiggy order,718.77,0,food
2025-07-26,fuel refill,7026.03,1,travel
2025-10-21,stationery,1002.34,1,others
2025-10-09,health checkup,2484.8,0,health
2025-06-30,flipkart order,6288.43,0,shopping
2025-08-28,doctor visit,2016.99,1,health
2025-09-21,gym membership,2084.34,0,health
2025-06-21,ola cab,5802.16,0,travel
2025-09-09,gift purchase,2321.19,1,others
2025-09-23,electricity bill,2403.17,1,bills
2025-09-06,bus fare,4386.28,1,travel
2025-08-10,mcdonalds lunch,4688.0,1,food
2025-10-05,swiggy order,5762.04,1,food
2025-08-10,gym membership,6648.94,0,health
2025-09-11,gift purchase,8543.65,1,others
2025-08-25,concert pass,4476.68,1,entertainment
2025-08-15,movie ticket,7151.7,1,entertainment
2025-06-27,doctor visit,6009.12,1,health
2025-10-23,uber ride,3973.23,1,travel
2025-08-03,doctor visit,4191.38,1,health
2025-06-07,concert pass,6289.92,1,entertainment
2025-09-02,doctor visit,808.12,0,health
2025-06-07,cafe coffee,2959.14,1,food
2025-08-12,stationery,8260.35,1,others
2025-08-18,swiggy order,1634.38,0,food
2025-06-18,spotify premium,3892.4,0,entertainment
2025-09-04,doctor visit,6915.86,0,health
2025-09-24,dth recharge,1599.96,1,bills
2025-08-24,mobile bill,4039.52,1,bills
2025-06-02,cafe coffee,2255.68,1,food
2025-06-06,miscellaneous expense,893.1,1,others
2025-06-19,doctor visit,9842.23,0,health
2025-09-23,pharmacy purchase,4301.92,1,health
2025-06-01,flight booking,4107.79,0,travel
2025-09-22,swiggy order,5293.63,1,food
2025-06-03,fuel refill,5370.45,0,travel
2025-08-28,cafe coffee,7345.55,0,food
2025-07-14,mcdonalds lunch,2196.96,0,food
2025-08-07,mobile bill,4666.32,0,bills
2025-09-04,concert pass,9760.93,0,entertainment
2025-07-25,water bill,8347.73,1,bills
2025-06-10,pharmacy purchase,2935.84,1,health
2025-09-14,fuel refill,2625.3,0,travel
2025-10-24,internet recharge,3658.57,0,bills
2025-08-30,uber ride,9606.75,1,travel
2025-09-02,dominos pizza,5652.66,0,food
2025-06-23,amazon purchase,9905.0,0,shopping
2025-07-02,restaurant dinner,3114.79,1,food
2025-09-26,train ticket,3516.07,1,travel
2025-06-17,swiggy order,5681.53,1,food
2025-10-15,mcdonalds lunch,1038.91,0,food
2025-06-29,stationery,479.56,0,others
2025-08-17,train ticket,3444.03,0,travel
2025-10-13,movie ticket,7767.69,1,entertainment
2025-07-26,gym membership,4652.94,0,health
2025-06-23,fuel refill,4977.62,1,travel
2025-06-05,dominos pizza,7962.22,1,food
2025-09-21,water bill,7787.15,1,bills
2025-10-08,protein supplements,8796.02,1,health
2025-10-10,movie ticket,1286.49,0,entertainment
2025-07-08,stationery,443.41,0,others
2025-09-01,ola cab,9554.16,1,travel
2025-09-07,train ticket,5273.32,0,travel
2025-09-10,water bill,2275.78,0,bills
2025-09-10,water bill,4011.74,1,bills
2025-08-03,uber ride,1162.69,0,travel
2025-10-21,netflix subscription,1036.12,0,entertainment
2025-10-21,concert pass,2899.45,1,entertainment
2025-08-29,stationery,7119.72,1,others
2025-09-21,doctor visit,159.25,1,health
2025-06-30,flight booking,9400.68,1,travel
2025-07-17,dominos pizza,2050.89,0,food
2025-06-21,internet recharge,814.31,1,bills
2025-09-11,dth recharge,2161.4,0,bills
2025-06-22,electricity bill,5691.4,1,bills
2025-07-23,water bill,5300.58,0,bills
2025-08-02,bus fare,3756.43,0,travel
2025-10-07,cafe coffee,1036.74,1,food
2025-07-15,stationery,5153.53,0,others
2025-10-13,electricity bill,4514.49,0,bills
2025-10-27,stationery,3704.45,0,others
2025-08-23,grocery store,5015.94,1,shopping
2025-10-26,internet recharge,9619.9,1,bills
2025-07-04,flipkart order,294.93,0,shopping
2025-08-24,myntra shopping,9200.33,1,shopping
2025-08-02,gym membership,8367.33,1,health
2025-08-10,dominos pizza,4284.0,1,food
2025-10-11,water bill,2419.84,0,bills
2025-08-09,ola cab,4421.87,0,travel
2025-07-27,zomato delivery,5831.38,1,food
2025-09-14,doctor visit,2837.88,1,health
2025-10-17,gym membership,326.87,0,health
2025-08-29,amusement park,2123.24,0,entertainment
2025-09-28,bus fare,3952.21,0,travel
2025-06-11,train ticket,310.41,0,travel
2025-10-01,netflix subscription,2526.43,0,entertainment
2025-08-27,mcdonalds lunch,2271.4,0,food
2025-10-25,uber ride,5844.54,1,travel
2025-09-10,restaurant dinner,9908.02,0,food
2025-08-26,train ticket,4535.08,0,travel
2025-07-18,dominos pizza,1757.03,1,food
2025-10-08,mcdonalds lunch,6425.5,1,food
2025-09-11,movie ticket,4241.14,1,entertainment
2025-06-19,flight booking,421.62,0,travel
2025-10-01,ola cab,6116.86,0,travel
2025-06-19,mobile bill,6832.47,0,bills
2025-06-27,mcdonalds lunch,7400.65,1,food
2025-10-07,zomato delivery,9012.79,0,food
2025-07-06,fuel refill,8621.77,0,travel
2025-08-14,internet recharge,3090.52,0,bills
2025-09-18,internet recharge,4004.15,1,bills
2025-07-18,fuel refill,5906.87,1,travel
2025-08-25,swiggy order,6039.58,1,food
2025-07-07,miscellaneous expense,5106.21,0,others
2025-10-02,movie ticket,2164.93,0,entertainment
2025-08-15,gift purchase,9860.44,1,others
2025-07-09,protein supplements,2425.27,0,health
2025-07-08,gym membership,3965.5,1,health
2025-07-05,restaurant dinner,6049.66,0,food
2025-06-29,donation,3545.27,0,others
2025-09-02,restaurant dinner,9865.22,0,food
2025-10-18,amusement park,3824.98,1,entertainment
2025-07-22,restaurant dinner,5164.36,1,food
2025-10-18,doctor visit,8577.79,0,health
2025-07-08,electricity bill,6336.99,1,bills
2025-07-18,doctor visit,7530.49,0,health
2025-10-26,netflix subscription,7334.92,0,entertainment
2025-10-01,fuel refill,6248.48,0,travel
2025-09-03,dominos pizza,877.71,1,food
2025-10-15,netflix subscription,6346.87,1,entertainment
2025-10-19,doctor visit,6231.09,1,health
2025-08-01,concert pass,249.22,0,entertainment
2025-06-22,stationery,5288.16,1,others
2025-08-21,dominos pizza,9297.34,1,food
2025-07-21,cafe coffee,9400.07,1,food
2025-08-21,flipkart order,2576.38,0,shopping
2025-09-08,flipkart order,7051.39,1,shopping
2025-06-06,electronics purchase,8122.42,1,shopping
2025-07-30,gym membership,2890.02,0,health
2025-09-17,spotify premium,583.67,1,entertainment
2025-06-06,mobile bill,7167.16,0,bills
2025-07-03,movie ticket,9781.62,0,entertainment
2025-09-19,cafe coffee,3157.07,0,food
2025-10-04,train ticket,5866.55,1,travel
2025-06-21,pharmacy purchase,5187.4,0,health
2025-08-26,swiggy order,5840.71,1,food
2025-10-07,movie ticket,6213.68,1,entertainment
2025-07-02,dominos pizza,3672.11,0,food
2025-06-25,ola cab,2547.38,0,travel
2025-10-03,gym membership,7810.16,0,health
2025-08-30,donation,7940.06,1,others
2025-08-23,protein supplements,3260.2,1,health
2025-10-09,amazon purchase,3565.12,0,shopping
2025-06-08,movie ticket,3767.71,0,entertainment
2025-07-31,movie ticket,4700.07,1,entertainment
2025-09-17,protein supplements,4209.73,0,health
2025-08-07,spotify premium,8896.36,1,entertainment
2025-09-04,donation,9886.12,0,others
2025-06-24,electronics purchase,93.34,0,shopping
2025-07-27,amusement park,4672.34,1,entertainment
2025-10-19,mobile bill,2567.73,1,bills
2025-08-06,uber ride,8645.92,0,travel
2025-08-15,movie ticket,8950.94,0,entertainment
2025-07-29,protein supplements,1025.5,0,health
2025-07-18,zomato delivery,6301.14,0,food
2025-06-24,amusement park,3168.01,1,entertainment
2025-06-30,donation,9939.27,0,others
2025-10-08,fuel refill,8555.73,0,travel
2025-08-18,miscellaneous expense,4036.74,0,others
2025-08-07,dth recharge,8757.61,0,bills
2025-08-21,miscellaneous expense,4188.26,0,others
2025-06-05,spotify premium,2942.03,1,entertainment
2025-09-16,doctor visit,4797.55,0,health
2025-07-19,bus fare,9723.91,1,travel
2025-10-14,electricity bill,6380.91,1,bills
2025-09-15,dth recharge,3455.1,0,bills
2025-10-03,movie ticket,3923.69,0,entertainment
2025-08-06,zomato delivery,3076.41,0,food
2025-10-16,dth recharge,6971.64,0,bills
2025-06-10,pharmacy purchase,6673.5,0,health
2025-06-25,doctor visit,5438.33,0,health
2025-09-13,fuel refill,1606.36,0,travel
2025-10-03,myntra shopping,4522.55,1,shopping
2025-09-17,protein supplements,1414.91,1,health
2025-10-03,gym membership,8025.01,1,health
2025-09-07,internet recharge,4508.33,1,bills
2025-10-15,donation,8529.91,1,others
2025-08-03,myntra shopping,4321.1,0,shopping
2025-09-22,amazon purchase,5137.68,1,shopping
2025-08-11,protein supplements,6572.57,0,health
2025-09-23,doctor visit,4223.23,1,health
2025-07-07,concert pass,4421.46,1,entertainment
2025-06-20,health checkup,7439.16,1,health
2025-06-27,mobile bill,386.51,0,bills
2025-08-10,bus fare,3649.16,1,travel
2025-08-07,concert pass,7690.12,1,entertainment
2025-07-19,ola cab,4614.51,1,travel
2025-10-01,protein supplements,3625.47,1,health
2025-09-10,water bill,4413.67,0,bills
2025-07-29,cafe coffee,3723.92,1,food
2025-08-14,water bill,189.33,1,bills
2025-09-12,electronics purchase,7811.68,1,shopping
2025-06-01,myntra shopping,1355.66,0,shopping
2025-09-26,zomato delivery,8102.82,0,food
2025-06-03,netflix subscription,9863.32,0,entertainment
2025-06-30,pharmacy purchase,4085.27,1,health
2025-09-23,amazon purchase,3201.05,1,shopping
2025-09-14,amusement park,6753.18,1,entertainment
2025-10-16,train ticket,7070.76,1,travel
2025-06-07,stationery,7906.45,1,others
2025-07-07,spotify premium,9338.09,1,entertainment
2025-07-28,spotify premium,4327.7,0,entertainment
2025-06-30,dth recharge,3673.78,0,bills
2025-06-13,donation,5621.55,0,others
2025-07-25,swiggy order,3626.24,0,food
2025-07-19,stationery,6783.38,1,others
2025-06-29,concert pass,1618.84,1,entertainment
2025-09-10,movie ticket,7184.06,1,entertainment
2025-10-12,amazon purchase,4985.2,1,shopping
2025-10-23,bus fare,8728.27,0,travel
2025-09-09,amusement park,2606.26,0,entertainment
2025-06-04,myntra shopping,4020.48,0,shopping
2025-06-20,gym membership,4542.87,1,health
2025-08-22,flight booking,2453.76,0,travel
2025-07-05,train ticket,1886.29,0,travel
2025-09-29,amusement park,9125.51,0,entertainment
2025-10-21,amusement park,8442.79,1,entertainment
2025-07-26,health checkup,6488.27,1,health
2025-09-01,mcdonalds lunch,7521.69,0,food
2025-06-25,ola cab,8407.16,1,travel
2025-06-13,flight booking,3492.41,1,travel
2025-08-11,miscellaneous expense,1920.55,0,others
2025-09-23,concert pass,3068.97,1,entertainment
2025-07-10,protein supplements,6970.79,1,health
2025-06-02,dth recharge,280.15,1,bills
2025-06-18,protein supplements,5112.19,0,health
2025-10-06,gift purchase,6484.79,0,others
2025-08-27,myntra shopping,1881.86,1,shopping
2025-09-05,bus fare,6673.99,0,travel
2025-10-16,myntra shopping,3762.62,1,shopping
2025-06-26,protein supplements,5128.16,1,health
2025-08-11,internet recharge,5757.37,0,bills
2025-10-01,protein supplements,9826.97,1,health
2025-08-25,mcdonalds lunch,4038.77,1,food
2025-08-13,health checkup,2426.46,0,health
2025-07-17,health checkup,6606.21,0,health
2025-07-21,grocery store,1311.59,0,shopping
2025-08-12,netflix subscription,9405.5,1,entertainment
2025-09-09,mobile bill,4627.0,0,bills
2025-10-04,donation,8395.91,1,others
2025-06-01,fuel refill,9419.09,1,travel
2025-06-23,netflix subscription,5896.27,1,entertainment
2025-09-22,flight booking,6236.9,0,travel
2025-06-08,amazon purchase,3493.52,0,shopping
2025-09-20,movie ticket,4793.47,0,entertainment
2025-10-03,train ticket,2094.04,1,travel
2025-07-18,gym membership,5940.14,0,health
2025-08-31,ola cab,8989.21,1,travel
2025-10-06,health checkup,5020.38,0,health
2025-07-14,miscellaneous expense,8458.49,0,others
2025-06-20,myntra shopping,1968.89,1,shopping
2025-07-30,restaurant dinner,7504.85,1,food
2025-06-05,miscellaneous expense,822.68,1,others
2025-08-27,spotify premium,9626.7,1,entertainment
2025-06-03,doctor visit,2212.49,0,health
2025-06-27,cafe coffee,9710.16,0,food
2025-10-10,flipkart order,547.38,0,shopping
2025-08-29,dominos pizza,9100.4,0,food
2025-10-11,uber ride,2197.71,1,travel
2025-09-17,doctor visit,5579.58,0,health
2025-10-09,amusement park,1603.4,0,entertainment
2025-06-06,amusement park,1018.44,1,entertainment
2025-07-23,dth recharge,5878.99,1,bills
2025-09-24,pharmacy purchase,505.0,1,health
2025-07-04,dth recharge,1990.96,0,bills
2025-07-17,electricity bill,7819.76,0,bills
2025-07-19,pharmacy purchase,8409.92,0,health
2025-08-05,donation,846.68,1,others
2025-08-17,dominos pizza,4723.81,1,food
2025-09-15,flight booking,8873.3,1,travel
2025-07-02,flight booking,6195.41,1,travel
2025-06-30,flight booking,4608.73,0,travel
2025-10-13,myntra shopping,9633.14,0,shopping
2025-07-04,health checkup,4069.92,0,health
2025-07-29,donation,8974.64,0,others
2025-08-06,flipkart order,2667.19,1,shopping
2025-08-08,fuel refill,3262.11,1,travel
2025-06-02,internet recharge,3375.67,1,bills
2025-06-05,mobile bill,8534.08,0,bills
2025-06-18,restaurant dinner,6926.37,0,food
2025-10-16,flight booking,4515.93,0,travel
2025-06-19,grocery store,4232.73,0,shopping
2025-08-13,swiggy order,334.06,0,food
2025-07-03,flight booking,2576.65,0,travel
2025-08-29,stationery,6655.28,1,others
2025-07-02,water bill,5030.22,1,bills
2025-09-29,spotify premium,3727.25,0,entertainment
2025-08-22,protein supplements,9296.47,0,health
2025-06-30,restaurant dinner,5454.62,0,food
2025-07-22,mobile bill,3834.12,0,bills
2025-07-18,internet recharge,8153.73,1,bills
2025-07-06,mobile bill,8257.78,0,bills
2025-10-25,swiggy order,7670.06,1,food
2025-07-10,swiggy order,7771.3,1,food
2025-07-09,flipkart order,563.17,0,shopping
2025-06-18,health checkup,7401.69,1,health
2025-10-28,netflix subscription,1434.9,0,entertainment
2025-07-01,donation,8286.12,1,others
2025-07-22,doctor visit,9619.21,1,health
2025-09-23,bus fare,5102.0,0,travel
2025-10-20,grocery store,4251.05,1,shopping
2025-07-04,bus fare,7588.81,1,travel
2025-10-23,cafe coffee,3666.84,0,food
2025-06-29,miscellaneous expense,9083.3,1,others
2025-09-02,stationery,2427.54,0,others
2025-08-30,flipkart order,8773.01,1,shopping
2025-06-28,donation,6939.35,1,others
2025-09-09,pharmacy purchase,8883.48,1,health
2025-08-18,uber ride,3305.21,1,travel
2025-07-17,flight booking,2401.26,0,travel
2025-09-15,concert pass,6678.45,0,entertainment
2025-06-01,gym membership,3706.19,0,health
2025-07-11,amazon purchase,4108.8,0,shopping
2025-10-13,mcdonalds lunch,5319.88,0,food
2025-07-18,protein supplements,6007.79,1,health
2025-08-05,grocery store,1429.87,1,shopping
2025-08-17,pharmacy purchase,2572.38,1,health
2025-08-24,flipkart order,4099.2,1,shopping
2025-06-16,swiggy order,6967.74,1,food
2025-06-20,fuel refill,5336.14,1,travel
2025-08-19,concert pass,7884.18,1,entertainment
2025-08-24,protein supplements,5014.83,0,health
2025-07-06,electricity bill,3348.58,0,bills
2025-06-06,dth recharge,5647.35,1,bills
2025-06-13,health checkup,6872.74,0,health
2025-07-25,mcdonalds lunch,446.64,1,food
2025-10-24,electricity bill,9502.09,1,bills
2025-09-27,gift purchase,3162.99,0,others
2025-07-20,pharmacy purchase,6160.9,0,health
2025-06-07,spotify premium,2779.83,0,entertainment
2025-10-20,restaurant dinner,2376.7,0,food
2025-08-24,health checkup,7849.96,0,health
2025-06-19,amusement park,7453.66,1,entertainment
2025-10-07,gift purchase,6780.94,1,others
2025-09-08,stationery,3523.46,0,others
2025-07-09,miscellaneous expense,1687.53,0,others
2025-09-07,miscellaneous expense,4705.93,0,others
2025-06-07,myntra shopping,8030.95,1,shopping
2025-09-21,netflix subscription,6635.62,0,entertainment
2025-08-31,protein supplements,585.18,0,health
2025-10-19,protein supplements,2076.28,1,health
2025-06-09,spotify premium,797.22,1,entertainment
2025-10-20,mobile bill,4840.45,0,bills
2025-10-07,gym membership,3729.0,1,health
2025-10-06,mcdonalds lunch,8178.02,0,food
2025-10-07,mcdonalds lunch,8075.5,0,food
2025-06-29,myntra shopping,5667.48,0,shopping
2025-07-05,miscellaneous expense,8137.32,0,others
2025-10-22,train ticket,8917.92,1,travel
2025-09-21,swiggy order,4793.52,0,food
2025-08-16,zomato delivery,5279.04,0,food
2025-10-08,internet recharge,3400.39,1,bills
2025-08-09,fuel refill,9179.82,1,travel
2025-08-19,uber ride,7292.53,1,travel
2025-10-09,movie ticket,6464.65,1,entertainment
2025-06-23,dth recharge,9613.4,1,bills
2025-09-20,dth recharge,3649.95,0,bills
2025-08-15,concert pass,1075.38,1,entertainment
2025-10-02,zomato delivery,2362.71,1,food
2025-06-10,fuel refill,8061.96,0,travel
2025-07-02,fuel refill,1816.53,0,travel
2025-10-07,dth recharge,2962.71,1,bills
2025-07-23,doctor visit,8439.33,0,health
2025-09-26,movie ticket,8241.12,0,entertainment
2025-10-25,cafe coffee,5012.55,1,food
2025-09-11,grocery store,5555.2,1,shopping
2025-09-28,pharmacy purchase,7003.22,1,health
2025-09-16,pharmacy purchase,7972.02,0,health
2025-06-09,internet recharge,3490.8,0,bills
2025-06-05,dth recharge,9742.81,1,bills
2025-08-01,electricity bill,6135.85,0,bills
2025-06-11,amazon purchase,4353.49,1,shopping
2025-09-10,concert pass,3404.98,0,entertainment
2025-06-29,amazon purchase,1945.7,1,shopping
2025-08-23,gym membership,1997.97,1,health
2025-06-04,flipkart order,1123.32,0,shopping
2025-09-12,flipkart order,7595.71,1,shopping
2025-09-26,restaurant dinner,7106.86,0,food
2025-10-10,swiggy order,2895.64,1,food
2025-10-25,cafe coffee,6770.34,0,food
2025-10-09,donation,4889.21,0,others
2025-08-17,spotify premium,2750.89,0,entertainment
2025-08-05,cafe coffee,3163.2,1,food
2025-07-25,stationery,7376.9,0,others
2025-08-01,zomato delivery,3677.58,1,food
2025-09-10,gym membership,3074.06,1,health
2025-07-17,grocery store,7410.63,0,shopping
2025-07-15,spotify premium,6167.58,1,entertainment
2025-09-30,water bill,6310.2,1,bills
2025-10-20,pharmacy purchase,1895.72,0,health
2025-08-31,bus fare,7796.95,0,travel
2025-10-27,ola cab,2487.71,0,travel
2025-08-22,gym membership,4820.55,0,health
2025-10-15,concert pass,64.45,0,entertainment
2025-06-06,protein supplements,3473.47,1,health
2025-08-18,myntra shopping,1180.62,0,shopping
2025-06-02,gift purchase,6941.62,1,others
2025-07-15,doctor visit,6243.77,0,health
2025-09-01,dth recharge,1763.43,0,bills
2025-10-25,miscellaneous expense,6688.06,0,others
2025-09-04,protein supplements,4428.45,0,health
2025-09-17,dominos pizza,7092.87,0,food
2025-06-10,gift purchase,2524.61,1,others
2025-08-07,amusement park,1029.53,1,entertainment
2025-08-10,swiggy order,7348.49,1,food
2025-08-09,stationery,5882.88,1,others
2025-07-19,flipkart order,5354.51,1,shopping
2025-07-28,concert pass,9254.83,0,entertainment
2025-06-11,health checkup,5501.77,1,health
2025-06-11,electronics purchase,5036.06,0,shopping
2025-06-12,water bill,5862.87,0,bills
2025-07-09,train ticket,4928.32,0,travel
2025-08-10,netflix subscription,3665.65,0,entertainment
2025-10-08,gift purchase,1908.94,0,others
2025-09-18,amusement park,9431.73,0,entertainment
2025-06-28,cafe coffee,6225.95,1,food
2025-09-06,movie ticket,1994.44,1,entertainment
2025-09-01,grocery store,9581.15,1,shopping
2025-10-19,dth recharge,6760.54,0,bills
2025-07-04,miscellaneous expense,9724.0,1,others
2025-07-30,fuel refill,3443.66,1,travel
2025-07-12,myntra shopping,345.84,0,shopping
2025-08-26,grocery store,4051.05,1,shopping
2025-08-29,train ticket,4018.72,0,travel
2025-08-02,internet recharge,2587.49,0,bills
2025-09-11,ola cab,5434.91,0,travel
2025-10-13,flipkart order,8126.28,1,shopping
2025-07-29,train ticket,9921.25,0,travel
2025-10-19,netflix subscription,5574.66,0,entertainment
2025-08-06,water bill,5469.86,0,bills
2025-08-16,mobile bill,513.21,0,bills
2025-06-18,protein supplements,4108.56,1,health
2025-10-12,stationery,9013.41,1,others
2025-06-23,mcdonalds lunch,9551.09,0,food
2025-09-27,grocery store,4372.1,0,shopping
2025-06-29,doctor visit,5989.71,1,health
2025-08-10,flipkart order,1813.29,1,shopping
2025-10-19,gym membership,8417.79,0,health
2025-08-11,flight booking,4195.98,0,travel
2025-10-12,uber ride,8121.17,1,travel
2025-07-04,mobile bill,3051.0,0,bills
2025-09-09,zomato delivery,510.38,1,food
2025-10-20,health checkup,8863.87,1,health
2025-07-17,electricity bill,8357.9,0,bills
2025-09-06,myntra shopping,9153.46,1,shopping
2025-10-18,swiggy order,4969.05,1,food
2025-07-05,swiggy order,9403.93,1,food
2025-10-03,gym membership,8208.89,0,health
2025-09-23,dominos pizza,3845.93,0,food
2025-08-11,gift purchase,2595.46,0,others
2025-07-20,electricity bill,3935.62,1,bills
2025-09-19,bus fare,5923.47,0,travel
2025-08-26,amusement park,9187.73,0,entertainment
2025-08-16,dominos pizza,7483.56,1,food
2025-06-30,donation,8905.58,0,others
2025-06-08,ola cab,3667.72,0,travel
2025-10-08,gym membership,7717.89,1,health
2025-06-16,amazon purchase,9121.65,0,shopping
2025-07-09,doctor visit,212.63,0,health
2025-06-18,miscellaneous expense,9977.76,0,others
2025-09-26,doctor visit,3908.38,0,health
2025-08-18,amazon purchase,1511.13,1,shopping
2025-06-15,miscellaneous expense,4873.14,1,others
2025-06-03,restaurant dinner,1260.38,0,food
2025-09-15,netflix subscription,7372.68,0,entertainment
2025-08-25,movie ticket,5880.34,1,entertainment
2025-08-08,pharmacy purchase,2194.84,1,health
2025-08-07,pharmacy purchase,1478.69,0,health
2025-06-09,electricity bill,900.43,1,bills
2025-07-18,myntra shopping,5082.52,0,shopping
2025-07-04,uber ride,8905.91,0,travel
2025-06-24,mobile bill,1747.79,0,bills
2025-09-12,pharmacy purchase,9820.04,1,health
2025-06-04,flipkart order,906.24,1,shopping
2025-06-28,water bill,3910.67,0,bills
2025-07-02,stationery,7469.12,0,others
2025-09-06,miscellaneous expense,7392.71,0,others
2025-08-14,grocery store,2554.02,1,shopping
2025-09-24,gym membership,7668.81,0,health
2025-09-19,electronics purchase,8633.54,0,shopping
2025-09-16,mobile bill,6692.27,1,bills
2025-07-30,train ticket,9178.04,0,travel
2025-10-01,amusement park,861.7,1,entertainment
2025-09-15,spotify premium,7362.42,1,entertainment
2025-09-20,fuel refill,2227.53,0,travel
2025-09-29,uber ride,4116.31,1,travel
2025-08-21,ola cab,2179.69,0,travel
2025-09-12,electricity bill,5681.54,1,bills
2025-06-16,gym membership,697.09,1,health
2025-08-26,miscellaneous expense,6139.85,0,others
2025-07-07,miscellaneous expense,4010.52,1,others
2025-09-20,uber ride,8261.44,0,travel
2025-08-26,mobile bill,1527.05,0,bills
2025-08-04,protein supplements,1589.06,0,health
2025-07-20,stationery,3073.69,0,others
2025-09-26,donation,7930.86,0,others
2025-07-22,dominos pizza,7301.85,0,food
2025-07-09,gift purchase,268.86,1,others
2025-06-18,amusement park,6148.27,1,entertainment
2025-07-14,stationery,8328.79,0,others
2025-06-27,stationery,3101.34,1,others
2025-08-20,pharmacy purchase,9978.55,1,health
2025-07-29,dominos pizza,6004.26,1,food
2025-08-27,train ticket,5633.0,1,travel
2025-10-01,doctor visit,2417.06,1,health
2025-09-08,gift purchase,1442.41,0,others
2025-10-06,train ticket,2279.17,0,travel
2025-07-05,dth recharge,5372.67,0,bills
2025-08-24,flight booking,1028.13,0,travel
2025-09-19,health checkup,1396.01,1,health
2025-08-13,electronics purchase,1319.42,0,shopping
2025-07-21,train ticket,7257.17,1,travel
2025-10-07,uber ride,939.06,0,travel
2025-06-30,bus fare,2223.69,0,travel
2025-09-15,dth recharge,8055.13,1,bills
2025-07-14,cafe coffee,5621.6,1,food
2025-07-10,gift purchase,7847.09,1,others
2025-09-28,dth recharge,1626.43,0,bills
2025-06-06,water bill,6741.49,0,bills
2025-10-01,restaurant dinner,3956.64,0,food
2025-07-15,dominos pizza,3421.42,0,food
2025-09-09,doctor visit,3348.51,0,health
2025-06-14,stationery,2026.36,0,others
2025-10-15,donation,3427.42,0,others
2025-07-10,miscellaneous expense,7422.21,1,others
2025-06-03,pharmacy purchase,2437.64,0,health
2025-09-06,donation,6474.41,0,others
2025-06-23,fuel refill,7816.11,0,travel
2025-08-14,pharmacy purchase,366.07,1,health
2025-09-24,donation,8472.1,0,others
2025-08-25,electricity bill,7837.26,1,bills
2025-08-08,gym membership,2569.84,0,health
2025-08-22,internet recharge,1253.59,1,bills
2025-10-20,flight booking,1807.8,1,travel
2025-07-19,netflix subscription,8517.63,1,entertainment
2025-06-28,swiggy order,2216.56,0,food
2025-06-04,miscellaneous expense,5512.89,0,others
2025-06-21,miscellaneous expense,9181.64,0,others
2025-08-07,netflix subscription,2674.34,1,entertainment
2025-06-05,health checkup,5842.57,1,health
2025-06-24,water bill,992.04,0,bills
2025-10-18,health checkup,5742.15,1,health
2025-10-08,spotify premium,3333.33,1,entertainment
2025-06-06,donation,4743.19,1,others
2025-09-26,pharmacy purchase,2828.64,0,health
2025-08-12,swiggy order,6024.46,0,food
2025-09-13,internet recharge,6062.59,1,bills
2025-10-25,train ticket,779.28,0,travel
2025-10-19,miscellaneous expense,7288.46,1,others
2025-06-15,protein supplements,102.72,1,health
2025-06-30,protein supplements,5534.46,0,health
